-- Seed data matching the Claude Design hardcoded UI

-- Clinic
insert into clinics (id, slug, name, timezone, locale) values
  ('00000000-0000-0000-0000-000000000001', 'sunrise-vet', 'Sunrise Veterinary Clinic', 'Europe/Warsaw', 'en');

-- Staff (clinic_admin + 2 vets) — no auth_id for seed, set manually if testing auth
insert into users (id, clinic_id, email, full_name, role) values
  ('00000000-0000-0000-0001-000000000001', '00000000-0000-0000-0000-000000000001', 'admin@sunrisevc.com',  'Sarah Mitchell',  'clinic_admin'),
  ('00000000-0000-0000-0001-000000000002', '00000000-0000-0000-0000-000000000001', 'dr.james@sunrisevc.com','Dr. James Harper', 'vet'),
  ('00000000-0000-0000-0001-000000000003', '00000000-0000-0000-0000-000000000001', 'dr.lisa@sunrisevc.com', 'Dr. Lisa Chen',    'vet');

-- Owners (role = owner, no clinic_id)
insert into users (id, clinic_id, email, full_name, role) values
  ('00000000-0000-0000-0002-000000000001', null, 'emily.clark@email.com',   'Emily Clark',   'owner'),
  ('00000000-0000-0000-0002-000000000002', null, 'marcus.r@email.com',      'Marcus Reid',   'owner'),
  ('00000000-0000-0000-0002-000000000003', null, 'sophia.patel@email.com',  'Sophia Patel',  'owner'),
  ('00000000-0000-0000-0002-000000000004', null, 'liam.w@email.com',        'Liam Walsh',    'owner'),
  ('00000000-0000-0000-0002-000000000005', null, 'isabella.m@email.com',    'Isabella Moore','owner');

-- Pets
insert into pets (id, owner_id, name, species, breed, sex, date_of_birth, weight_kg) values
  ('00000000-0000-0000-0003-000000000001', '00000000-0000-0000-0002-000000000001', 'Max',    'Dog', 'Golden Retriever',     'male',    '2019-03-15', 28.5),
  ('00000000-0000-0000-0003-000000000002', '00000000-0000-0000-0002-000000000001', 'Luna',   'Cat', 'Siamese',              'female',  '2020-07-22',  4.2),
  ('00000000-0000-0000-0003-000000000003', '00000000-0000-0000-0002-000000000002', 'Buddy',  'Dog', 'Labrador',             'male',    '2018-11-05', 32.1),
  ('00000000-0000-0000-0003-000000000004', '00000000-0000-0000-0002-000000000003', 'Whiskers','Cat','Persian',              'female',  '2021-02-14',  3.8),
  ('00000000-0000-0000-0003-000000000005', '00000000-0000-0000-0002-000000000004', 'Bella',  'Dog', 'French Bulldog',       'female',  '2022-06-01', 10.3);

-- Register pets to clinic
insert into clinic_pets (clinic_id, pet_id) values
  ('00000000-0000-0000-0000-000000000001', '00000000-0000-0000-0003-000000000001'),
  ('00000000-0000-0000-0000-000000000001', '00000000-0000-0000-0003-000000000002'),
  ('00000000-0000-0000-0000-000000000001', '00000000-0000-0000-0003-000000000003'),
  ('00000000-0000-0000-0000-000000000001', '00000000-0000-0000-0003-000000000004'),
  ('00000000-0000-0000-0000-000000000001', '00000000-0000-0000-0003-000000000005');

-- Appointments (8, matching dashboard hardcoded data)
insert into appointments (id, clinic_id, pet_id, vet_id, scheduled_at, duration_min, reason, status) values
  ('00000000-0000-0000-0004-000000000001', '00000000-0000-0000-0000-000000000001', '00000000-0000-0000-0003-000000000001', '00000000-0000-0000-0001-000000000002', '2026-05-17 09:00:00+00', 30, 'Annual checkup',        'confirmed'),
  ('00000000-0000-0000-0004-000000000002', '00000000-0000-0000-0000-000000000001', '00000000-0000-0000-0003-000000000002', '00000000-0000-0000-0001-000000000003', '2026-05-17 10:00:00+00', 30, 'Vaccination booster',   'confirmed'),
  ('00000000-0000-0000-0004-000000000003', '00000000-0000-0000-0000-000000000001', '00000000-0000-0000-0003-000000000003', '00000000-0000-0000-0001-000000000002', '2026-05-17 11:00:00+00', 45, 'Dental cleaning',       'pending'),
  ('00000000-0000-0000-0004-000000000004', '00000000-0000-0000-0000-000000000001', '00000000-0000-0000-0003-000000000004', '00000000-0000-0000-0001-000000000003', '2026-05-17 13:00:00+00', 30, 'Skin allergy follow-up', 'pending'),
  ('00000000-0000-0000-0004-000000000005', '00000000-0000-0000-0000-000000000001', '00000000-0000-0000-0003-000000000005', '00000000-0000-0000-0001-000000000002', '2026-05-17 14:00:00+00', 30, 'Post-op check',         'confirmed'),
  ('00000000-0000-0000-0004-000000000006', '00000000-0000-0000-0000-000000000001', '00000000-0000-0000-0003-000000000001', '00000000-0000-0000-0001-000000000003', '2026-05-18 09:00:00+00', 30, 'Ear infection',         'pending'),
  ('00000000-0000-0000-0004-000000000007', '00000000-0000-0000-0000-000000000001', '00000000-0000-0000-0003-000000000002', '00000000-0000-0000-0001-000000000002', '2026-05-18 10:30:00+00', 30, 'Weight check',          'confirmed'),
  ('00000000-0000-0000-0004-000000000008', '00000000-0000-0000-0000-000000000001', '00000000-0000-0000-0003-000000000003', '00000000-0000-0000-0001-000000000003', '2026-05-18 14:00:00+00', 45, 'Joint pain assessment',  'pending');
